<?xml version="1.0" encoding="UTF-8"?>
<project-private xmlns="http://www.netbeans.org/ns/project-private/1">
    <editor-bookmarks xmlns="http://www.netbeans.org/ns/editor-bookmarks/2" lastBookmarkId="0"/>
    <open-files xmlns="http://www.netbeans.org/ns/projectui-open-files/2">
        <group>
            <file>file:/C:/Users/vaibh/Documents/NetBeansProjects/Chat1/src/gui/Login.java</file>
            <file>file:/C:/Users/vaibh/Documents/NetBeansProjects/Chat1/src/gui/Personal_Chat.java</file>
            <file>file:/C:/Users/vaibh/Documents/NetBeansProjects/Chat1/src/gui/ChatBox.java</file>
            <file>file:/C:/Users/vaibh/Documents/NetBeansProjects/Chat1/src/gui/Group_Chat.java</file>
        </group>
    </open-files>
</project-private>
